{
  "violations": [
    {
      "date": "2025-08-15",
      "timestamp": "2025-08-15T06:12:14.942Z",
      "value": 1,
      "comment": "Night logger violation (3 detections)",
      "daystamp": "20250815"
    },
    {
      "date": "2025-08-20",
      "timestamp": "2025-08-21T03:00:02.149Z",
      "value": 1,
      "comment": "Night logger violation (1 detections)",
      "daystamp": "20250820"
    },
    {
      "date": "2025-08-24",
      "timestamp": "2025-08-25T03:00:01.392Z",
      "value": 1,
      "comment": "Night logger violation (1 detections)",
      "daystamp": "20250824"
    },
    {
      "date": "2025-08-25",
      "timestamp": "2025-08-26T03:00:00.700Z",
      "value": 1,
      "comment": "Night logger violation (1 detections)",
      "daystamp": "20250825"
    },
    {
      "date": "2025-08-26",
      "timestamp": "2025-08-27T03:25:04.856Z",
      "value": 1,
      "comment": "Night logger violation (1 detections)",
      "daystamp": "20250826"
    },
    {
      "date": "2025-08-30",
      "timestamp": "2025-08-31T03:00:03.597Z",
      "value": 1,
      "comment": "Night logger violation (1 detections)",
      "daystamp": "20250830"
    },
    {
      "date": "2025-09-05",
      "timestamp": "2025-09-06T03:39:42.540Z",
      "value": 1,
      "comment": "Night logger violation (3 detections)",
      "daystamp": "20250905"
    },
    {
      "date": "2025-09-06",
      "timestamp": "2025-09-07T03:00:02.917Z",
      "value": 1,
      "comment": "Night logger violation (1 detections)",
      "daystamp": "20250906"
    },
    {
      "date": "2025-09-12",
      "timestamp": "2025-09-13T03:00:00.611Z",
      "value": 1,
      "comment": "Night logger violation (1 detections)",
      "daystamp": "20250912"
    },
    {
      "date": "2025-09-13",
      "timestamp": "2025-09-14T03:27:50.573Z",
      "value": 1,
      "comment": "Night logger violation (1 detections)",
      "daystamp": "20250913"
    },
    {
      "date": "2025-09-14",
      "timestamp": "2025-09-15T03:00:00.547Z",
      "value": 1,
      "comment": "Night logger violation (1 detections)",
      "daystamp": "20250914"
    },
    {
      "date": "2025-09-15",
      "timestamp": "2025-09-16T03:00:00.743Z",
      "value": 1,
      "comment": "Night logger violation (1 detections)",
      "daystamp": "20250915"
    },
    {
      "date": "2025-09-16",
      "timestamp": "2025-09-17T03:00:03.158Z",
      "value": 1,
      "comment": "Night logger violation (1 detections)",
      "daystamp": "20250916"
    },
    {
      "date": "2025-09-17",
      "timestamp": "2025-09-18T03:00:00.549Z",
      "value": 1,
      "comment": "Night logger violation (1 detections)",
      "daystamp": "20250917"
    },
    {
      "date": "2025-09-18",
      "timestamp": "2025-09-19T03:16:36.601Z",
      "value": 1,
      "comment": "Night logger violation (1 detections)",
      "daystamp": "20250918"
    },
    {
      "date": "2025-09-19",
      "timestamp": "2025-09-20T03:04:18.510Z",
      "value": 1,
      "comment": "Night logger violation (1 detections)",
      "daystamp": "20250919"
    },
    {
      "date": "2025-09-21",
      "timestamp": "2025-09-22T03:00:00.441Z",
      "value": 1,
      "comment": "Night logger violation (1 detections)",
      "daystamp": "20250921"
    },
    {
      "date": "2025-09-22",
      "timestamp": "2025-09-23T03:00:00.173Z",
      "value": 1,
      "comment": "Night logger violation (1 detections)",
      "daystamp": "20250922"
    },
    {
      "date": "2025-09-24",
      "timestamp": "2025-09-25T03:00:00.334Z",
      "value": 1,
      "comment": "Night logger violation (2 detections)",
      "daystamp": "20250924"
    },
    {
      "date": "2025-09-25",
      "timestamp": "2025-09-25T05:35:05.768Z",
      "value": 1,
      "comment": "Night logger violation (1223 detections)",
      "daystamp": "20250925"
    },
    {
      "date": "2025-09-27",
      "timestamp": "2025-09-28T03:00:01.445Z",
      "value": 1,
      "comment": "Night logger violation (715 detections)",
      "daystamp": "20250927"
    },
    {
      "date": "2025-09-28",
      "timestamp": "2025-09-28T04:00:00.024Z",
      "value": 1,
      "comment": "Night logger violation (430 detections)",
      "daystamp": "20250928"
    }
  ],
  "posted_dates": [
    "2025-08-15",
    "2025-08-20",
    "2025-08-24",
    "2025-08-25",
    "2025-08-26",
    "2025-08-30",
    "2025-09-05",
    "2025-09-06",
    "2025-09-07",
    "2025-09-12",
    "2025-09-13",
    "2025-09-14",
    "2025-09-15",
    "2025-09-16",
    "2025-09-17",
    "2025-09-18",
    "2025-09-19",
    "2025-09-21",
    "2025-09-22",
    "2025-09-24",
    "2025-09-25",
    "2025-09-27",
    "2025-09-28"
  ],
  "last_updated": "2025-09-29T03:00:00.727217Z",
  "total_violations": 22,
  "unposted_violations": []
}